{
  "dependencies": {
    "secrets1": {
      "type": "secrets.user"
    },
    "mssql1": {
      "secretStore": "LocalSecretsFile",
      "type": "mssql.local",
      "connectionId": "ConnectionStrings:DefaultConnection",
      "dynamicId": null
    },
    "secrets2": {
      "secretStore": null,
      "resourceId": "/subscriptions/[parameters('subscriptionId')]/resourceGroups/[parameters('resourceGroupName')]/providers/Microsoft.KeyVault/vaults/HealthMetricsvault",
      "type": "secrets.keyVault",
      "connectionId": "VaultUri"
    }
  }
}